dataset,file,rows,columns,numeric_columns,datetime_columns,categorical_columns,column_names
fhv,fhv_tripdata_2024-05.parquet,1352502,7,3,2,2,"dispatching_base_num, pickup_datetime, dropOff_datetime, PUlocationID, DOlocationID, SR_Flag, Affiliated_base_number"
fhv,fhv_tripdata_2024-06.parquet,1386539,7,3,2,2,"dispatching_base_num, pickup_datetime, dropOff_datetime, PUlocationID, DOlocationID, SR_Flag, Affiliated_base_number"
fhv,fhv_tripdata_2024-07.parquet,1382739,7,3,2,2,"dispatching_base_num, pickup_datetime, dropOff_datetime, PUlocationID, DOlocationID, SR_Flag, Affiliated_base_number"
fhv,fhv_tripdata_2024-08.parquet,1484471,7,3,2,2,"dispatching_base_num, pickup_datetime, dropOff_datetime, PUlocationID, DOlocationID, SR_Flag, Affiliated_base_number"
fhv,fhv_tripdata_2024-09.parquet,1718375,7,3,2,2,"dispatching_base_num, pickup_datetime, dropOff_datetime, PUlocationID, DOlocationID, SR_Flag, Affiliated_base_number"
fhv,fhv_tripdata_2024-10.parquet,1421231,7,3,2,2,"dispatching_base_num, pickup_datetime, dropOff_datetime, PUlocationID, DOlocationID, SR_Flag, Affiliated_base_number"
fhv,fhv_tripdata_2024-11.parquet,1591082,7,3,2,2,"dispatching_base_num, pickup_datetime, dropOff_datetime, PUlocationID, DOlocationID, SR_Flag, Affiliated_base_number"
fhv,fhv_tripdata_2024-12.parquet,1913200,7,3,2,2,"dispatching_base_num, pickup_datetime, dropOff_datetime, PUlocationID, DOlocationID, SR_Flag, Affiliated_base_number"
fhv,fhv_tripdata_2025-01.parquet,1898108,7,3,2,2,"dispatching_base_num, pickup_datetime, dropOff_datetime, PUlocationID, DOlocationID, SR_Flag, Affiliated_base_number"
fhv,fhv_tripdata_2025-02.parquet,1578722,7,3,2,2,"dispatching_base_num, pickup_datetime, dropOff_datetime, PUlocationID, DOlocationID, SR_Flag, Affiliated_base_number"
fhv,fhv_tripdata_2025-03.parquet,2182992,7,3,2,2,"dispatching_base_num, pickup_datetime, dropOff_datetime, PUlocationID, DOlocationID, SR_Flag, Affiliated_base_number"
fhv,fhv_tripdata_2025-04.parquet,1699478,7,3,2,2,"dispatching_base_num, pickup_datetime, dropOff_datetime, PUlocationID, DOlocationID, SR_Flag, Affiliated_base_number"
fhv,fhv_tripdata_2025-05.parquet,2210721,7,3,2,2,"dispatching_base_num, pickup_datetime, dropOff_datetime, PUlocationID, DOlocationID, SR_Flag, Affiliated_base_number"
fhv,fhv_tripdata_2025-06.parquet,2231731,7,3,2,2,"dispatching_base_num, pickup_datetime, dropOff_datetime, PUlocationID, DOlocationID, SR_Flag, Affiliated_base_number"
fhv,fhv_tripdata_2025-07.parquet,2187536,7,3,2,2,"dispatching_base_num, pickup_datetime, dropOff_datetime, PUlocationID, DOlocationID, SR_Flag, Affiliated_base_number"
fhv,fhv_tripdata_2025-08.parquet,2256854,7,3,2,2,"dispatching_base_num, pickup_datetime, dropOff_datetime, PUlocationID, DOlocationID, SR_Flag, Affiliated_base_number"
fhv,fhv_tripdata_2025-09.parquet,2149292,7,3,2,2,"dispatching_base_num, pickup_datetime, dropOff_datetime, PUlocationID, DOlocationID, SR_Flag, Affiliated_base_number"
fhv,fhv_tripdata_2025-10.parquet,2446615,7,3,2,2,"dispatching_base_num, pickup_datetime, dropOff_datetime, PUlocationID, DOlocationID, SR_Flag, Affiliated_base_number"
fhv,fhv_tripdata_2025-11.parquet,2278604,7,3,2,2,"dispatching_base_num, pickup_datetime, dropOff_datetime, PUlocationID, DOlocationID, SR_Flag, Affiliated_base_number"
fhv,fhv_tripdata_2025-12.parquet,1926891,7,3,2,2,"dispatching_base_num, pickup_datetime, dropOff_datetime, PUlocationID, DOlocationID, SR_Flag, Affiliated_base_number"
fhv,fhv_tripdata_2026-01.parquet,1941722,7,3,2,2,"dispatching_base_num, pickup_datetime, dropOff_datetime, PUlocationID, DOlocationID, SR_Flag, Affiliated_base_number"
fhvhv,fhvhv_tripdata_2024-05.parquet,20704538,24,12,4,8,"hvfhs_license_num, dispatching_base_num, originating_base_num, request_datetime, on_scene_datetime, pickup_datetime, dropoff_datetime, PULocationID, DOLocationID, trip_miles, trip_time, base_passenger_fare, tolls, bcf, sales_tax, congestion_surcharge, airport_fee, tips, driver_pay, shared_request_flag, shared_match_flag, access_a_ride_flag, wav_request_flag, wav_match_flag"
fhvhv,fhvhv_tripdata_2024-06.parquet,20123226,24,12,4,8,"hvfhs_license_num, dispatching_base_num, originating_base_num, request_datetime, on_scene_datetime, pickup_datetime, dropoff_datetime, PULocationID, DOLocationID, trip_miles, trip_time, base_passenger_fare, tolls, bcf, sales_tax, congestion_surcharge, airport_fee, tips, driver_pay, shared_request_flag, shared_match_flag, access_a_ride_flag, wav_request_flag, wav_match_flag"
fhvhv,fhvhv_tripdata_2024-07.parquet,19182934,24,12,4,8,"hvfhs_license_num, dispatching_base_num, originating_base_num, request_datetime, on_scene_datetime, pickup_datetime, dropoff_datetime, PULocationID, DOLocationID, trip_miles, trip_time, base_passenger_fare, tolls, bcf, sales_tax, congestion_surcharge, airport_fee, tips, driver_pay, shared_request_flag, shared_match_flag, access_a_ride_flag, wav_request_flag, wav_match_flag"
fhvhv,fhvhv_tripdata_2024-08.parquet,19128392,24,12,4,8,"hvfhs_license_num, dispatching_base_num, originating_base_num, request_datetime, on_scene_datetime, pickup_datetime, dropoff_datetime, PULocationID, DOLocationID, trip_miles, trip_time, base_passenger_fare, tolls, bcf, sales_tax, congestion_surcharge, airport_fee, tips, driver_pay, shared_request_flag, shared_match_flag, access_a_ride_flag, wav_request_flag, wav_match_flag"
fhvhv,fhvhv_tripdata_2024-09.parquet,19209788,24,12,4,8,"hvfhs_license_num, dispatching_base_num, originating_base_num, request_datetime, on_scene_datetime, pickup_datetime, dropoff_datetime, PULocationID, DOLocationID, trip_miles, trip_time, base_passenger_fare, tolls, bcf, sales_tax, congestion_surcharge, airport_fee, tips, driver_pay, shared_request_flag, shared_match_flag, access_a_ride_flag, wav_request_flag, wav_match_flag"
fhvhv,fhvhv_tripdata_2024-10.parquet,20028282,24,12,4,8,"hvfhs_license_num, dispatching_base_num, originating_base_num, request_datetime, on_scene_datetime, pickup_datetime, dropoff_datetime, PULocationID, DOLocationID, trip_miles, trip_time, base_passenger_fare, tolls, bcf, sales_tax, congestion_surcharge, airport_fee, tips, driver_pay, shared_request_flag, shared_match_flag, access_a_ride_flag, wav_request_flag, wav_match_flag"
fhvhv,fhvhv_tripdata_2024-11.parquet,19987533,24,12,4,8,"hvfhs_license_num, dispatching_base_num, originating_base_num, request_datetime, on_scene_datetime, pickup_datetime, dropoff_datetime, PULocationID, DOLocationID, trip_miles, trip_time, base_passenger_fare, tolls, bcf, sales_tax, congestion_surcharge, airport_fee, tips, driver_pay, shared_request_flag, shared_match_flag, access_a_ride_flag, wav_request_flag, wav_match_flag"
fhvhv,fhvhv_tripdata_2024-12.parquet,21068851,24,12,4,8,"hvfhs_license_num, dispatching_base_num, originating_base_num, request_datetime, on_scene_datetime, pickup_datetime, dropoff_datetime, PULocationID, DOLocationID, trip_miles, trip_time, base_passenger_fare, tolls, bcf, sales_tax, congestion_surcharge, airport_fee, tips, driver_pay, shared_request_flag, shared_match_flag, access_a_ride_flag, wav_request_flag, wav_match_flag"
fhvhv,fhvhv_tripdata_2025-01.parquet,20405666,25,13,4,8,"hvfhs_license_num, dispatching_base_num, originating_base_num, request_datetime, on_scene_datetime, pickup_datetime, dropoff_datetime, PULocationID, DOLocationID, trip_miles, trip_time, base_passenger_fare, tolls, bcf, sales_tax, congestion_surcharge, airport_fee, tips, driver_pay, shared_request_flag, shared_match_flag, access_a_ride_flag, wav_request_flag, wav_match_flag, cbd_congestion_fee"
fhvhv,fhvhv_tripdata_2025-02.parquet,19339461,25,13,4,8,"hvfhs_license_num, dispatching_base_num, originating_base_num, request_datetime, on_scene_datetime, pickup_datetime, dropoff_datetime, PULocationID, DOLocationID, trip_miles, trip_time, base_passenger_fare, tolls, bcf, sales_tax, congestion_surcharge, airport_fee, tips, driver_pay, shared_request_flag, shared_match_flag, access_a_ride_flag, wav_request_flag, wav_match_flag, cbd_congestion_fee"
fhvhv,fhvhv_tripdata_2025-03.parquet,20536879,25,13,4,8,"hvfhs_license_num, dispatching_base_num, originating_base_num, request_datetime, on_scene_datetime, pickup_datetime, dropoff_datetime, PULocationID, DOLocationID, trip_miles, trip_time, base_passenger_fare, tolls, bcf, sales_tax, congestion_surcharge, airport_fee, tips, driver_pay, shared_request_flag, shared_match_flag, access_a_ride_flag, wav_request_flag, wav_match_flag, cbd_congestion_fee"
fhvhv,fhvhv_tripdata_2025-04.parquet,19753983,25,13,4,8,"hvfhs_license_num, dispatching_base_num, originating_base_num, request_datetime, on_scene_datetime, pickup_datetime, dropoff_datetime, PULocationID, DOLocationID, trip_miles, trip_time, base_passenger_fare, tolls, bcf, sales_tax, congestion_surcharge, airport_fee, tips, driver_pay, shared_request_flag, shared_match_flag, access_a_ride_flag, wav_request_flag, wav_match_flag, cbd_congestion_fee"
fhvhv,fhvhv_tripdata_2025-05.parquet,21091193,25,13,4,8,"hvfhs_license_num, dispatching_base_num, originating_base_num, request_datetime, on_scene_datetime, pickup_datetime, dropoff_datetime, PULocationID, DOLocationID, trip_miles, trip_time, base_passenger_fare, tolls, bcf, sales_tax, congestion_surcharge, airport_fee, tips, driver_pay, shared_request_flag, shared_match_flag, access_a_ride_flag, wav_request_flag, wav_match_flag, cbd_congestion_fee"
fhvhv,fhvhv_tripdata_2025-06.parquet,19868009,25,13,4,8,"hvfhs_license_num, dispatching_base_num, originating_base_num, request_datetime, on_scene_datetime, pickup_datetime, dropoff_datetime, PULocationID, DOLocationID, trip_miles, trip_time, base_passenger_fare, tolls, bcf, sales_tax, congestion_surcharge, airport_fee, tips, driver_pay, shared_request_flag, shared_match_flag, access_a_ride_flag, wav_request_flag, wav_match_flag, cbd_congestion_fee"
fhvhv,fhvhv_tripdata_2025-07.parquet,19653012,25,13,4,8,"hvfhs_license_num, dispatching_base_num, originating_base_num, request_datetime, on_scene_datetime, pickup_datetime, dropoff_datetime, PULocationID, DOLocationID, trip_miles, trip_time, base_passenger_fare, tolls, bcf, sales_tax, congestion_surcharge, airport_fee, tips, driver_pay, shared_request_flag, shared_match_flag, access_a_ride_flag, wav_request_flag, wav_match_flag, cbd_congestion_fee"
fhvhv,fhvhv_tripdata_2025-08.parquet,19271461,25,13,4,8,"hvfhs_license_num, dispatching_base_num, originating_base_num, request_datetime, on_scene_datetime, pickup_datetime, dropoff_datetime, PULocationID, DOLocationID, trip_miles, trip_time, base_passenger_fare, tolls, bcf, sales_tax, congestion_surcharge, airport_fee, tips, driver_pay, shared_request_flag, shared_match_flag, access_a_ride_flag, wav_request_flag, wav_match_flag, cbd_congestion_fee"
fhvhv,fhvhv_tripdata_2025-09.parquet,19434641,25,13,4,8,"hvfhs_license_num, dispatching_base_num, originating_base_num, request_datetime, on_scene_datetime, pickup_datetime, dropoff_datetime, PULocationID, DOLocationID, trip_miles, trip_time, base_passenger_fare, tolls, bcf, sales_tax, congestion_surcharge, airport_fee, tips, driver_pay, shared_request_flag, shared_match_flag, access_a_ride_flag, wav_request_flag, wav_match_flag, cbd_congestion_fee"
fhvhv,fhvhv_tripdata_2025-10.parquet,21308701,25,13,4,8,"hvfhs_license_num, dispatching_base_num, originating_base_num, request_datetime, on_scene_datetime, pickup_datetime, dropoff_datetime, PULocationID, DOLocationID, trip_miles, trip_time, base_passenger_fare, tolls, bcf, sales_tax, congestion_surcharge, airport_fee, tips, driver_pay, shared_request_flag, shared_match_flag, access_a_ride_flag, wav_request_flag, wav_match_flag, cbd_congestion_fee"
fhvhv,fhvhv_tripdata_2025-11.parquet,20818240,25,13,4,8,"hvfhs_license_num, dispatching_base_num, originating_base_num, request_datetime, on_scene_datetime, pickup_datetime, dropoff_datetime, PULocationID, DOLocationID, trip_miles, trip_time, base_passenger_fare, tolls, bcf, sales_tax, congestion_surcharge, airport_fee, tips, driver_pay, shared_request_flag, shared_match_flag, access_a_ride_flag, wav_request_flag, wav_match_flag, cbd_congestion_fee"
fhvhv,fhvhv_tripdata_2025-12.parquet,22108438,25,13,4,8,"hvfhs_license_num, dispatching_base_num, originating_base_num, request_datetime, on_scene_datetime, pickup_datetime, dropoff_datetime, PULocationID, DOLocationID, trip_miles, trip_time, base_passenger_fare, tolls, bcf, sales_tax, congestion_surcharge, airport_fee, tips, driver_pay, shared_request_flag, shared_match_flag, access_a_ride_flag, wav_request_flag, wav_match_flag, cbd_congestion_fee"
fhvhv,fhvhv_tripdata_2026-01.parquet,20940373,25,13,4,8,"hvfhs_license_num, dispatching_base_num, originating_base_num, request_datetime, on_scene_datetime, pickup_datetime, dropoff_datetime, PULocationID, DOLocationID, trip_miles, trip_time, base_passenger_fare, tolls, bcf, sales_tax, congestion_surcharge, airport_fee, tips, driver_pay, shared_request_flag, shared_match_flag, access_a_ride_flag, wav_request_flag, wav_match_flag, cbd_congestion_fee"
green,green_tripdata_2024-05.parquet,61003,20,17,2,1,"VendorID, lpep_pickup_datetime, lpep_dropoff_datetime, store_and_fwd_flag, RatecodeID, PULocationID, DOLocationID, passenger_count, trip_distance, fare_amount, extra, mta_tax, tip_amount, tolls_amount, ehail_fee, improvement_surcharge, total_amount, payment_type, trip_type, congestion_surcharge"
green,green_tripdata_2024-06.parquet,54748,20,17,2,1,"VendorID, lpep_pickup_datetime, lpep_dropoff_datetime, store_and_fwd_flag, RatecodeID, PULocationID, DOLocationID, passenger_count, trip_distance, fare_amount, extra, mta_tax, tip_amount, tolls_amount, ehail_fee, improvement_surcharge, total_amount, payment_type, trip_type, congestion_surcharge"
green,green_tripdata_2024-07.parquet,51837,20,17,2,1,"VendorID, lpep_pickup_datetime, lpep_dropoff_datetime, store_and_fwd_flag, RatecodeID, PULocationID, DOLocationID, passenger_count, trip_distance, fare_amount, extra, mta_tax, tip_amount, tolls_amount, ehail_fee, improvement_surcharge, total_amount, payment_type, trip_type, congestion_surcharge"
green,green_tripdata_2024-08.parquet,51771,20,17,2,1,"VendorID, lpep_pickup_datetime, lpep_dropoff_datetime, store_and_fwd_flag, RatecodeID, PULocationID, DOLocationID, passenger_count, trip_distance, fare_amount, extra, mta_tax, tip_amount, tolls_amount, ehail_fee, improvement_surcharge, total_amount, payment_type, trip_type, congestion_surcharge"
green,green_tripdata_2024-09.parquet,54440,20,17,2,1,"VendorID, lpep_pickup_datetime, lpep_dropoff_datetime, store_and_fwd_flag, RatecodeID, PULocationID, DOLocationID, passenger_count, trip_distance, fare_amount, extra, mta_tax, tip_amount, tolls_amount, ehail_fee, improvement_surcharge, total_amount, payment_type, trip_type, congestion_surcharge"
green,green_tripdata_2024-10.parquet,56147,20,17,2,1,"VendorID, lpep_pickup_datetime, lpep_dropoff_datetime, store_and_fwd_flag, RatecodeID, PULocationID, DOLocationID, passenger_count, trip_distance, fare_amount, extra, mta_tax, tip_amount, tolls_amount, ehail_fee, improvement_surcharge, total_amount, payment_type, trip_type, congestion_surcharge"
green,green_tripdata_2024-11.parquet,52222,20,17,2,1,"VendorID, lpep_pickup_datetime, lpep_dropoff_datetime, store_and_fwd_flag, RatecodeID, PULocationID, DOLocationID, passenger_count, trip_distance, fare_amount, extra, mta_tax, tip_amount, tolls_amount, ehail_fee, improvement_surcharge, total_amount, payment_type, trip_type, congestion_surcharge"
green,green_tripdata_2024-12.parquet,53994,20,17,2,1,"VendorID, lpep_pickup_datetime, lpep_dropoff_datetime, store_and_fwd_flag, RatecodeID, PULocationID, DOLocationID, passenger_count, trip_distance, fare_amount, extra, mta_tax, tip_amount, tolls_amount, ehail_fee, improvement_surcharge, total_amount, payment_type, trip_type, congestion_surcharge"
green,green_tripdata_2025-01.parquet,48326,21,18,2,1,"VendorID, lpep_pickup_datetime, lpep_dropoff_datetime, store_and_fwd_flag, RatecodeID, PULocationID, DOLocationID, passenger_count, trip_distance, fare_amount, extra, mta_tax, tip_amount, tolls_amount, ehail_fee, improvement_surcharge, total_amount, payment_type, trip_type, congestion_surcharge, cbd_congestion_fee"
green,green_tripdata_2025-02.parquet,46621,21,18,2,1,"VendorID, lpep_pickup_datetime, lpep_dropoff_datetime, store_and_fwd_flag, RatecodeID, PULocationID, DOLocationID, passenger_count, trip_distance, fare_amount, extra, mta_tax, tip_amount, tolls_amount, ehail_fee, improvement_surcharge, total_amount, payment_type, trip_type, congestion_surcharge, cbd_congestion_fee"
green,green_tripdata_2025-03.parquet,51539,21,18,2,1,"VendorID, lpep_pickup_datetime, lpep_dropoff_datetime, store_and_fwd_flag, RatecodeID, PULocationID, DOLocationID, passenger_count, trip_distance, fare_amount, extra, mta_tax, tip_amount, tolls_amount, ehail_fee, improvement_surcharge, total_amount, payment_type, trip_type, congestion_surcharge, cbd_congestion_fee"
green,green_tripdata_2025-04.parquet,52132,21,18,2,1,"VendorID, lpep_pickup_datetime, lpep_dropoff_datetime, store_and_fwd_flag, RatecodeID, PULocationID, DOLocationID, passenger_count, trip_distance, fare_amount, extra, mta_tax, tip_amount, tolls_amount, ehail_fee, improvement_surcharge, total_amount, payment_type, trip_type, congestion_surcharge, cbd_congestion_fee"
green,green_tripdata_2025-05.parquet,55399,21,18,2,1,"VendorID, lpep_pickup_datetime, lpep_dropoff_datetime, store_and_fwd_flag, RatecodeID, PULocationID, DOLocationID, passenger_count, trip_distance, fare_amount, extra, mta_tax, tip_amount, tolls_amount, ehail_fee, improvement_surcharge, total_amount, payment_type, trip_type, congestion_surcharge, cbd_congestion_fee"
green,green_tripdata_2025-06.parquet,49390,21,18,2,1,"VendorID, lpep_pickup_datetime, lpep_dropoff_datetime, store_and_fwd_flag, RatecodeID, PULocationID, DOLocationID, passenger_count, trip_distance, fare_amount, extra, mta_tax, tip_amount, tolls_amount, ehail_fee, improvement_surcharge, total_amount, payment_type, trip_type, congestion_surcharge, cbd_congestion_fee"
green,green_tripdata_2025-07.parquet,48205,21,18,2,1,"VendorID, lpep_pickup_datetime, lpep_dropoff_datetime, store_and_fwd_flag, RatecodeID, PULocationID, DOLocationID, passenger_count, trip_distance, fare_amount, extra, mta_tax, tip_amount, tolls_amount, ehail_fee, improvement_surcharge, total_amount, payment_type, trip_type, congestion_surcharge, cbd_congestion_fee"
green,green_tripdata_2025-08.parquet,46306,21,18,2,1,"VendorID, lpep_pickup_datetime, lpep_dropoff_datetime, store_and_fwd_flag, RatecodeID, PULocationID, DOLocationID, passenger_count, trip_distance, fare_amount, extra, mta_tax, tip_amount, tolls_amount, ehail_fee, improvement_surcharge, total_amount, payment_type, trip_type, congestion_surcharge, cbd_congestion_fee"
green,green_tripdata_2025-09.parquet,48893,21,18,2,1,"VendorID, lpep_pickup_datetime, lpep_dropoff_datetime, store_and_fwd_flag, RatecodeID, PULocationID, DOLocationID, passenger_count, trip_distance, fare_amount, extra, mta_tax, tip_amount, tolls_amount, ehail_fee, improvement_surcharge, total_amount, payment_type, trip_type, congestion_surcharge, cbd_congestion_fee"
green,green_tripdata_2025-10.parquet,49416,21,18,2,1,"VendorID, lpep_pickup_datetime, lpep_dropoff_datetime, store_and_fwd_flag, RatecodeID, PULocationID, DOLocationID, passenger_count, trip_distance, fare_amount, extra, mta_tax, tip_amount, tolls_amount, ehail_fee, improvement_surcharge, total_amount, payment_type, trip_type, congestion_surcharge, cbd_congestion_fee"
green,green_tripdata_2025-11.parquet,46912,21,18,2,1,"VendorID, lpep_pickup_datetime, lpep_dropoff_datetime, store_and_fwd_flag, RatecodeID, PULocationID, DOLocationID, passenger_count, trip_distance, fare_amount, extra, mta_tax, tip_amount, tolls_amount, ehail_fee, improvement_surcharge, total_amount, payment_type, trip_type, congestion_surcharge, cbd_congestion_fee"
green,green_tripdata_2025-12.parquet,48236,21,18,2,1,"VendorID, lpep_pickup_datetime, lpep_dropoff_datetime, store_and_fwd_flag, RatecodeID, PULocationID, DOLocationID, passenger_count, trip_distance, fare_amount, extra, mta_tax, tip_amount, tolls_amount, ehail_fee, improvement_surcharge, total_amount, payment_type, trip_type, congestion_surcharge, cbd_congestion_fee"
green,green_tripdata_2026-01.parquet,40272,21,18,2,1,"VendorID, lpep_pickup_datetime, lpep_dropoff_datetime, store_and_fwd_flag, RatecodeID, PULocationID, DOLocationID, passenger_count, trip_distance, fare_amount, extra, mta_tax, tip_amount, tolls_amount, ehail_fee, improvement_surcharge, total_amount, payment_type, trip_type, congestion_surcharge, cbd_congestion_fee"
yellow,yellow_tripdata_2024-05.parquet,3723833,19,16,2,1,"VendorID, tpep_pickup_datetime, tpep_dropoff_datetime, passenger_count, trip_distance, RatecodeID, store_and_fwd_flag, PULocationID, DOLocationID, payment_type, fare_amount, extra, mta_tax, tip_amount, tolls_amount, improvement_surcharge, total_amount, congestion_surcharge, Airport_fee"
yellow,yellow_tripdata_2024-06.parquet,3539193,19,16,2,1,"VendorID, tpep_pickup_datetime, tpep_dropoff_datetime, passenger_count, trip_distance, RatecodeID, store_and_fwd_flag, PULocationID, DOLocationID, payment_type, fare_amount, extra, mta_tax, tip_amount, tolls_amount, improvement_surcharge, total_amount, congestion_surcharge, Airport_fee"
yellow,yellow_tripdata_2024-07.parquet,3076903,19,16,2,1,"VendorID, tpep_pickup_datetime, tpep_dropoff_datetime, passenger_count, trip_distance, RatecodeID, store_and_fwd_flag, PULocationID, DOLocationID, payment_type, fare_amount, extra, mta_tax, tip_amount, tolls_amount, improvement_surcharge, total_amount, congestion_surcharge, Airport_fee"
yellow,yellow_tripdata_2024-08.parquet,2979183,19,16,2,1,"VendorID, tpep_pickup_datetime, tpep_dropoff_datetime, passenger_count, trip_distance, RatecodeID, store_and_fwd_flag, PULocationID, DOLocationID, payment_type, fare_amount, extra, mta_tax, tip_amount, tolls_amount, improvement_surcharge, total_amount, congestion_surcharge, Airport_fee"
yellow,yellow_tripdata_2024-09.parquet,3633030,19,16,2,1,"VendorID, tpep_pickup_datetime, tpep_dropoff_datetime, passenger_count, trip_distance, RatecodeID, store_and_fwd_flag, PULocationID, DOLocationID, payment_type, fare_amount, extra, mta_tax, tip_amount, tolls_amount, improvement_surcharge, total_amount, congestion_surcharge, Airport_fee"
yellow,yellow_tripdata_2024-10.parquet,3833771,19,16,2,1,"VendorID, tpep_pickup_datetime, tpep_dropoff_datetime, passenger_count, trip_distance, RatecodeID, store_and_fwd_flag, PULocationID, DOLocationID, payment_type, fare_amount, extra, mta_tax, tip_amount, tolls_amount, improvement_surcharge, total_amount, congestion_surcharge, Airport_fee"
yellow,yellow_tripdata_2024-11.parquet,3646369,19,16,2,1,"VendorID, tpep_pickup_datetime, tpep_dropoff_datetime, passenger_count, trip_distance, RatecodeID, store_and_fwd_flag, PULocationID, DOLocationID, payment_type, fare_amount, extra, mta_tax, tip_amount, tolls_amount, improvement_surcharge, total_amount, congestion_surcharge, Airport_fee"
yellow,yellow_tripdata_2024-12.parquet,3668371,19,16,2,1,"VendorID, tpep_pickup_datetime, tpep_dropoff_datetime, passenger_count, trip_distance, RatecodeID, store_and_fwd_flag, PULocationID, DOLocationID, payment_type, fare_amount, extra, mta_tax, tip_amount, tolls_amount, improvement_surcharge, total_amount, congestion_surcharge, Airport_fee"
yellow,yellow_tripdata_2025-01.parquet,3475226,20,17,2,1,"VendorID, tpep_pickup_datetime, tpep_dropoff_datetime, passenger_count, trip_distance, RatecodeID, store_and_fwd_flag, PULocationID, DOLocationID, payment_type, fare_amount, extra, mta_tax, tip_amount, tolls_amount, improvement_surcharge, total_amount, congestion_surcharge, Airport_fee, cbd_congestion_fee"
yellow,yellow_tripdata_2025-02.parquet,3577543,20,17,2,1,"VendorID, tpep_pickup_datetime, tpep_dropoff_datetime, passenger_count, trip_distance, RatecodeID, store_and_fwd_flag, PULocationID, DOLocationID, payment_type, fare_amount, extra, mta_tax, tip_amount, tolls_amount, improvement_surcharge, total_amount, congestion_surcharge, Airport_fee, cbd_congestion_fee"
yellow,yellow_tripdata_2025-03.parquet,4145257,20,17,2,1,"VendorID, tpep_pickup_datetime, tpep_dropoff_datetime, passenger_count, trip_distance, RatecodeID, store_and_fwd_flag, PULocationID, DOLocationID, payment_type, fare_amount, extra, mta_tax, tip_amount, tolls_amount, improvement_surcharge, total_amount, congestion_surcharge, Airport_fee, cbd_congestion_fee"
yellow,yellow_tripdata_2025-04.parquet,3970553,20,17,2,1,"VendorID, tpep_pickup_datetime, tpep_dropoff_datetime, passenger_count, trip_distance, RatecodeID, store_and_fwd_flag, PULocationID, DOLocationID, payment_type, fare_amount, extra, mta_tax, tip_amount, tolls_amount, improvement_surcharge, total_amount, congestion_surcharge, Airport_fee, cbd_congestion_fee"
yellow,yellow_tripdata_2025-05.parquet,4591845,20,17,2,1,"VendorID, tpep_pickup_datetime, tpep_dropoff_datetime, passenger_count, trip_distance, RatecodeID, store_and_fwd_flag, PULocationID, DOLocationID, payment_type, fare_amount, extra, mta_tax, tip_amount, tolls_amount, improvement_surcharge, total_amount, congestion_surcharge, Airport_fee, cbd_congestion_fee"
yellow,yellow_tripdata_2025-06.parquet,4322960,20,17,2,1,"VendorID, tpep_pickup_datetime, tpep_dropoff_datetime, passenger_count, trip_distance, RatecodeID, store_and_fwd_flag, PULocationID, DOLocationID, payment_type, fare_amount, extra, mta_tax, tip_amount, tolls_amount, improvement_surcharge, total_amount, congestion_surcharge, Airport_fee, cbd_congestion_fee"
yellow,yellow_tripdata_2025-07.parquet,3898963,20,17,2,1,"VendorID, tpep_pickup_datetime, tpep_dropoff_datetime, passenger_count, trip_distance, RatecodeID, store_and_fwd_flag, PULocationID, DOLocationID, payment_type, fare_amount, extra, mta_tax, tip_amount, tolls_amount, improvement_surcharge, total_amount, congestion_surcharge, Airport_fee, cbd_congestion_fee"
yellow,yellow_tripdata_2025-08.parquet,3574091,20,17,2,1,"VendorID, tpep_pickup_datetime, tpep_dropoff_datetime, passenger_count, trip_distance, RatecodeID, store_and_fwd_flag, PULocationID, DOLocationID, payment_type, fare_amount, extra, mta_tax, tip_amount, tolls_amount, improvement_surcharge, total_amount, congestion_surcharge, Airport_fee, cbd_congestion_fee"
yellow,yellow_tripdata_2025-09.parquet,4251015,20,17,2,1,"VendorID, tpep_pickup_datetime, tpep_dropoff_datetime, passenger_count, trip_distance, RatecodeID, store_and_fwd_flag, PULocationID, DOLocationID, payment_type, fare_amount, extra, mta_tax, tip_amount, tolls_amount, improvement_surcharge, total_amount, congestion_surcharge, Airport_fee, cbd_congestion_fee"
yellow,yellow_tripdata_2025-10.parquet,4428699,20,17,2,1,"VendorID, tpep_pickup_datetime, tpep_dropoff_datetime, passenger_count, trip_distance, RatecodeID, store_and_fwd_flag, PULocationID, DOLocationID, payment_type, fare_amount, extra, mta_tax, tip_amount, tolls_amount, improvement_surcharge, total_amount, congestion_surcharge, Airport_fee, cbd_congestion_fee"
yellow,yellow_tripdata_2025-11.parquet,4181444,20,17,2,1,"VendorID, tpep_pickup_datetime, tpep_dropoff_datetime, passenger_count, trip_distance, RatecodeID, store_and_fwd_flag, PULocationID, DOLocationID, payment_type, fare_amount, extra, mta_tax, tip_amount, tolls_amount, improvement_surcharge, total_amount, congestion_surcharge, Airport_fee, cbd_congestion_fee"
yellow,yellow_tripdata_2025-12.parquet,4305006,20,17,2,1,"VendorID, tpep_pickup_datetime, tpep_dropoff_datetime, passenger_count, trip_distance, RatecodeID, store_and_fwd_flag, PULocationID, DOLocationID, payment_type, fare_amount, extra, mta_tax, tip_amount, tolls_amount, improvement_surcharge, total_amount, congestion_surcharge, Airport_fee, cbd_congestion_fee"
yellow,yellow_tripdata_2026-01.parquet,3724889,20,17,2,1,"VendorID, tpep_pickup_datetime, tpep_dropoff_datetime, passenger_count, trip_distance, RatecodeID, store_and_fwd_flag, PULocationID, DOLocationID, payment_type, fare_amount, extra, mta_tax, tip_amount, tolls_amount, improvement_surcharge, total_amount, congestion_surcharge, Airport_fee, cbd_congestion_fee"
